{"cameraMode":{"drawMode":0,"name":"Shaded","section":"Shading Mode"},"sceneLighting":false,"audioPlay":false,"sceneViewState":{"m_AlwaysRefresh":false,"showFog":true,"showSkybox":false,"showFlares":true,"showImageEffects":true,"showParticleSystems":true,"showVisualEffectGraphs":true,"m_FxEnabled":true},"in2DMode":false,"pivot":{"x":0.14145100116729737,"y":0.6910157203674316,"z":1.1743699312210084},"rotation":{"x":-0.09046413004398346,"y":0.8887227177619934,"z":-0.19948501884937287,"w":-0.40296894311904909},"size":1.0532522201538087,"orthographic":false}