{"cameraMode":{"drawMode":0,"name":"Shaded","section":"Shading Mode"},"sceneLighting":false,"audioPlay":false,"sceneViewState":{"m_AlwaysRefresh":false,"showFog":true,"showSkybox":false,"showFlares":true,"showImageEffects":true,"showParticleSystems":true,"showVisualEffectGraphs":true,"m_FxEnabled":true},"in2DMode":false,"pivot":{"x":0.5365113615989685,"y":-0.08198120445013046,"z":0.5438605546951294},"rotation":{"x":0.13662734627723695,"y":0.86076819896698,"z":-0.30817824602127077,"w":0.3816104829311371},"size":1.0844093561172486,"orthographic":false}