{"cameraMode":{"drawMode":0,"name":"Shaded","section":"Shading Mode"},"sceneLighting":false,"audioPlay":false,"sceneViewState":{"m_AlwaysRefresh":false,"showFog":true,"showSkybox":false,"showFlares":true,"showImageEffects":true,"showParticleSystems":true,"showVisualEffectGraphs":true,"m_FxEnabled":true},"in2DMode":false,"pivot":{"x":0.2732142210006714,"y":0.40387260913848879,"z":-0.7832518815994263},"rotation":{"x":0.2538100481033325,"y":0.4707747995853424,"z":-0.14344452321529389,"w":0.832805335521698},"size":1.2430250644683838,"orthographic":false}